package,version,uuid
Accessors,0.1.45,7d9f7c33-5ae7-4f3b-8dc6-eff91059b697
Adapt,4.7.1,79e6a3ab-5dfb-504d-930d-738a2a938a0e
ArgCheck,2.5.0,dce04be8-c92d-5529-be00-80e4d2c0e197
ArgTools,1.1.2,0dad84c5-d112-42e6-8d28-ef12dabb789f
ArrayLayouts,1.13.1,4c555306-a7a7-4459-81d9-ec55ddd5c99a
Artifacts,1.11.0,56f22d72-fd6d-98f1-02f0-08ddc0907c33
BangBang,0.4.9,198e06fe-97b7-11e9-32a5-e1d131e6ad66
Base64,1.11.0,2a0f44e3-6c83-55bd-87e4-b1978d98bd5f
Baselet,0.1.1,9718e550-a3fa-408a-8086-8db961cd8217
BitIntegers,0.3.7,c3b6d118-76ef-56ca-8cc7-ebb389d030a1
BlockArrays,1.10.1,8e7c35d0-a365-5155-bbbb-fb81a777f24e
ChainRulesCore,1.26.1,d360d2e6-b24c-11e9-a2a3-2a2ae2dbcce4
Compat,4.18.1,34da2185-b29b-5c13-b0c7-acf172513d20
CompilerSupportLibraries_jll,1.1.1+0,e66e0078-7015-5450-92f7-15fbd957f2ae
CompositionsBase,0.1.2,a33af91c-f02d-484b-be07-31d278c5ca2b
ConstructionBase,1.6.0,187b0558-2788-49d3-abe0-74a17ed4e7c9
Crayons,4.2.0,a8cc5b0e-0ffa-5ad4-8c14-923d3ee1735f
DataAPI,1.16.0,9a962f9c-6df0-11e9-0e5d-c546b8b5ee8a
DataValueInterfaces,1.0.0,e2d170a0-9d28-54be-80f0-106bbe20a464
Dates,1.11.0,ade2ca70-3891-5945-98fb-dc099432e06a
DefineSingletons,0.1.2,244e2a9f-e319-4986-a169-4d1fe445cd52
Dictionaries,0.4.6,85a47980-9c8c-11e8-2b9f-f7ca1fa99fb4
Distributed,1.11.0,8ba89e20-285c-5b6f-9357-94700520ee1b
DocStringExtensions,0.9.5,ffbed154-4ef7-542d-bbb7-c09d3a79fcae
Downloads,1.6.0,f43a241f-c20a-4ad4-852c-f6b1247861c6
EllipsisNotation,1.12.0,da5c29d0-fa7d-589e-88eb-ea29b0a81949
ExprTools,0.1.11,e2ba6199-217a-4e67-a87a-7c52f15ade04
ExternalDocstrings,0.1.1,e189563c-0753-4f5e-ad5c-be4293c83fb4
FileWatching,1.11.0,7b1f6079-737a-58dc-b8bc-7a2ca5c1b5ee
FillArrays,1.17.1,1a297f60-69ca-5386-bcde-b61e274b549b
Folds,0.2.10,41a02a25-b8f0-4f67-bc48-60067656b558
Functors,0.5.3,d9f16b24-f501-4c13-a1f2-28368ffc5196
Future,1.11.0,9fa8497b-333b-5362-9e8d-4d0656e87820
HalfIntegers,1.6.0,f0d1745a-41c9-11e9-1dd9-e5d34d218721
ITensorMPS,0.4.2,0d1a4710-d33b-49a5-8f18-73bdf49b47e2
ITensors,0.9.32,9136182c-28ba-11e9-034c-db9fb085ebd5
Indexing,1.1.1,313cdc1a-70c2-5d6a-ae34-0150d3930a38
InitialValues,0.3.1,22cec73e-a1b8-11e9-2c92-598750a2cf9c
InteractiveUtils,1.11.0,b77e0a4c-d291-57a0-90e8-8db25a27a240
InverseFunctions,0.1.17,3587e190-3f89-42d0-90ee-14403ec27112
IsApprox,2.0.1,28f27b66-4bd8-47e7-9110-e2746eb8bed7
IteratorInterfaceExtensions,1.0.0,82899510-4779-5014-852e-03e436cf321d
KrylovKit,0.10.4,0b1a1467-8014-51b9-945f-bf0ae24f4b77
LaTeXStrings,1.4.1,b964fa9f-0449-5b57-a5c2-d3ea65f4040f
LibCURL,0.6.4,b27032c2-a3e7-50c8-80cd-2d36dbcbfd21
LibCURL_jll,8.6.0+0,deac9b47-8bc7-5906-a0fe-35ac56dc84c0
LibGit2,1.11.0,76f85450-5226-5b5a-8eaa-529ad045b433
LibGit2_jll,1.7.2+0,e37daf67-58a4-590a-8e99-b0245dd2ffc5
LibSSH2_jll,1.11.0+1,29816b5a-b9ab-546f-933c-edad1886dfa8
Libdl,1.11.0,8f399da3-3557-5675-b5ff-fb832c97cbdb
LinearAlgebra,1.11.0,37e2e46d-f89d-539d-b4ee-838fcccc9c8e
Logging,1.11.0,56ddb016-857b-54e1-b83d-db4d58db5568
MacroTools,0.5.16,1914dd2f-81c6-5fcd-8719-6d5c9610ff09
Markdown,1.11.0,d6f4376e-aef5-505a-96c1-9c027394607a
MbedTLS_jll,2.28.6+0,c8ffd9c3-330d-5841-b78e-0817d7145fa1
MicroCollections,0.2.0,128add7d-3638-4c79-886c-908ea0c25c34
MozillaCACerts_jll,2023.12.12,14a3606d-f60d-562e-9121-12d972cd8159
NDTensors,0.4.32,23ae76d9-e61a-49c4-8f12-3f1a16adf9cf
NetworkOptions,1.2.0,ca575930-c2e3-43a9-ace4-1e988b2c1908
OpenBLAS_jll,0.3.27+1,4536629a-c528-5b80-bd46-f80d51c5b363
OrderedCollections,2.0.1,bac558e1-5e72-5ebc-8fee-abe8a469f55d
PackageExtensionCompat,1.0.2,65ce6f38-6b18-4e1d-a461-8949797d7930
Pkg,1.11.0,44cfe95a-1eb2-52ea-b672-e2afdf69b78f
PrecompileTools,1.2.1,aea7be01-6a6a-4083-8856-8a6e6704d82a
Preferences,1.6.0,21216c6a-2e73-6563-6e65-726566657250
PrettyTables,3.5.0,08abe8d2-0d0c-5749-adfa-8a2ac140af0d
Printf,1.11.0,de0858da-6303-5e67-8744-51eddeeeb8d7
REPL,1.11.0,3fa0cd96-eef1-5676-8a61-b3b8758bbffb
Random,1.11.0,9a3f8284-a2c9-5f02-9a11-845980a1fd5c
Reexport,1.2.2,189a3867-3050-52da-a836-e630ba90ab69
Referenceables,0.1.3,42d2dcc6-99eb-4e98-b66c-637b7d73030e
Requires,1.3.1,ae029012-a4dd-5104-9daa-d747884805df
SHA,0.7.0,ea8e919c-243c-51af-8825-aaa63cd721ce
Serialization,1.11.0,9e88b42a-f829-5b0c-bbe9-9e923198166b
SerializedElementArrays,0.1.0,d3ce8812-9567-47e9-a7b5-65a6d70a3065
Setfield,1.1.2,efcf1570-3423-57d1-acb7-fd33fddbac46
SimpleTraits,0.9.6,699a6c99-e7fa-54fc-8d76-47d257e15c1d
Sockets,1.11.0,6462fe0b-24de-5631-8697-dd941f90decc
SparseArrays,1.11.0,2f01184e-e22b-5df5-ae63-d93ebab69eaf
SplitApplyCombine,1.3.0,03a91e81-4c3e-53e1-a0a4-9c0c8f19dd66
SplittablesBase,0.1.15,171d559e-b47b-412a-8079-5efa626c420e
StaticArrays,1.9.22,90137ffa-7385-5640-81b9-e52037218182
StaticArraysCore,1.4.4,1e83bf80-4336-4d27-bf5d-d5a4f845583c
Strided,2.6.4,5e0ebb24-38b0-5f93-81fe-25c709ecae67
StridedViews,0.5.2,4db3bf67-4bd7-4b4e-b153-31dc3fb37143
StringManipulation,0.6.1,892a3eda-7b42-436c-8928-eab12a02cf0e
StyledStrings,1.11.0,f489334b-da3d-4c2e-b8f0-e476e12c162b
SuiteSparse_jll,7.7.0+0,bea87d4a-7f5b-5778-9afe-8cc45184846c
TOML,1.0.3,fa267f1f-6049-4f14-aa54-33bafae1ed76
TableTraits,1.0.1,3783bdb8-4a98-5b6b-af9a-565f29a5fe9c
Tables,1.14.0,bd369af6-aec1-5ad0-b16a-f7cc5008161c
Tar,1.10.0,a4e569a6-e804-4fa4-b0f3-eef7a1d5b13e
Test,1.11.0,8dfed614-e22c-5e08-85e1-65c5234f0b40
ThreadedScans,0.1.0,24d252fe-5d94-4a69-83ea-56a14333d47a
TimerOutputs,1.2.2,a759f4b9-e2f1-59dc-863e-4aeb61b1ea8f
Transducers,0.4.85,28d57a85-8fef-5791-bfe6-a80928e7c999
TupleTools,1.6.1,9d95972d-f1c8-5527-a6e0-b4b365fa01f6
TypeParameterAccessors,0.4.23,7e5a90cf-f82e-492e-a09b-e3e26432c138
UUIDs,1.11.0,cf7118a7-6976-5b1a-9a39-7adc72f591a4
Unicode,1.11.0,4ec0a83e-493e-50e2-b9ac-8f72acf5a8f5
VectorInterface,0.6.1,409d34a3-91d5-4945-b6ec-7529ddf182d8
Zeros,0.5.0,bd1ec220-6eb4-527a-9b49-e79c3db6233b
Zlib_jll,1.2.13+1,83775a58-1f1d-513f-b197-d71354ab007a
libblastrampoline_jll,5.11.0+0,8e850b90-86db-534c-a0d3-1478176c7d93
nghttp2_jll,1.59.0+0,8e850ede-7688-5339-a07c-302acd2aaf8d
p7zip_jll,17.4.0+2,3f19e933-33d8-53b3-aaab-bd5110c3b7a0
