package,installed,id,range,summary,source
LibCURL_jll,8.6.0+0,JLSEC-2025-36,">= 8.6.0+0, < 8.9.0+0",libcurl's ASN1 parser has this utf8asn1str() function used for parsing an ASN.1 UTF-8 string,https://github.com/JuliaLang/SecurityAdvisories.jl/blob/main/advisories/published/2025/JLSEC-2025-36.md
LibCURL_jll,8.6.0+0,JLSEC-2025-38,< 8.9.1+0,"libcurl's ASN1 parser code has the `GTime2str()` function, used for parsing an ASN.1 Generalized...",https://github.com/JuliaLang/SecurityAdvisories.jl/blob/main/advisories/published/2025/JLSEC-2025-38.md
LibCURL_jll,8.6.0+0,JLSEC-2026-1197,">= 7.88.1+0, < 8.21.0+0",A use-after-free vulnerability exists in libcurl when an application configures an HTTP/2 stream...,https://github.com/JuliaLang/SecurityAdvisories.jl/blob/main/advisories/published/2026/JLSEC-2026-1197.md
LibCURL_jll,8.6.0+0,JLSEC-2026-1201,< 8.21.0+0,Successfully using libcurl to do a transfer to a specific HTTP origin (`hostA`) with **Digest**...,https://github.com/JuliaLang/SecurityAdvisories.jl/blob/main/advisories/published/2026/JLSEC-2026-1201.md
LibCURL_jll,8.6.0+0,JLSEC-2026-1202,">= 7.81.0+0, < 8.21.0+0","When a user invokes curl using a schemeless URL combined with `--proto-default` sftp (or scp), a...",https://github.com/JuliaLang/SecurityAdvisories.jl/blob/main/advisories/published/2026/JLSEC-2026-1202.md
LibCURL_jll,8.6.0+0,JLSEC-2026-1203,< 8.20.0+0,A vulnerability exists where a connection requiring TLS incorrectly reuses an existing...,https://github.com/JuliaLang/SecurityAdvisories.jl/blob/main/advisories/published/2026/JLSEC-2026-1203.md
LibCURL_jll,8.6.0+0,JLSEC-2026-1204,< 8.20.0+0,libcurl might in some circumstances reuse the wrong connection when asked to do an authenticated...,https://github.com/JuliaLang/SecurityAdvisories.jl/blob/main/advisories/published/2026/JLSEC-2026-1204.md
LibCURL_jll,8.6.0+0,JLSEC-2026-1205,< 8.20.0+0,libcurl might in some circumstances reuse the wrong connection for SMB(S) transfers. libcurl...,https://github.com/JuliaLang/SecurityAdvisories.jl/blob/main/advisories/published/2026/JLSEC-2026-1205.md
LibCURL_jll,8.6.0+0,JLSEC-2026-1206,< 8.20.0+0,,https://github.com/JuliaLang/SecurityAdvisories.jl/blob/main/advisories/published/2026/JLSEC-2026-1206.md
LibCURL_jll,8.6.0+0,JLSEC-2026-1207,">= 7.71.1+0, < 8.20.0+0","Using libcurl, when a custom `Host:` header is first set for an HTTP request and a second request...",https://github.com/JuliaLang/SecurityAdvisories.jl/blob/main/advisories/published/2026/JLSEC-2026-1207.md
LibCURL_jll,8.6.0+0,JLSEC-2026-1208,< 8.20.0+0,"When asked to both use a `.netrc` file for credentials and to follow HTTP redirects, libcurl...",https://github.com/JuliaLang/SecurityAdvisories.jl/blob/main/advisories/published/2026/JLSEC-2026-1208.md
LibCURL_jll,8.6.0+0,JLSEC-2026-1210,< 8.20.0+0,Successfully using libcurl to do a transfer over a specific HTTP proxy (`proxyA`) with **Digest**...,https://github.com/JuliaLang/SecurityAdvisories.jl/blob/main/advisories/published/2026/JLSEC-2026-1210.md
LibCURL_jll,8.6.0+0,JLSEC-2026-1211,< 8.21.0+0,A vulnerability exists where a new transfer that uses STARTTLS to upgrade the connection might...,https://github.com/JuliaLang/SecurityAdvisories.jl/blob/main/advisories/published/2026/JLSEC-2026-1211.md
LibCURL_jll,8.6.0+0,JLSEC-2026-1212,< 8.20.0+0,libcurl might in some circumstances reuse the wrong connection when asked to do Negotiate...,https://github.com/JuliaLang/SecurityAdvisories.jl/blob/main/advisories/published/2026/JLSEC-2026-1212.md
LibCURL_jll,8.6.0+0,JLSEC-2026-1213,< 8.21.0+0,A flaw in curl’s cookie parsing logic allows a malicious HTTP server to set 'super cookies' that...,https://github.com/JuliaLang/SecurityAdvisories.jl/blob/main/advisories/published/2026/JLSEC-2026-1213.md
LibCURL_jll,8.6.0+0,JLSEC-2026-1216,< 8.21.0+0,When reusing a libcurl handle for sequential transfers driven by environment-variable proxy...,https://github.com/JuliaLang/SecurityAdvisories.jl/blob/main/advisories/published/2026/JLSEC-2026-1216.md
LibCURL_jll,8.6.0+0,JLSEC-2026-1217,< 8.21.0+0,libcurl would reuse a previously created connection even when some mTLS config related option had...,https://github.com/JuliaLang/SecurityAdvisories.jl/blob/main/advisories/published/2026/JLSEC-2026-1217.md
LibCURL_jll,8.6.0+0,JLSEC-2026-1222,">= 7.70.0+0, < 8.21.0+0",When a libcurl-based application performs transfers via `SCP://` or `SFTP://` and utilizes the ...,https://github.com/JuliaLang/SecurityAdvisories.jl/blob/main/advisories/published/2026/JLSEC-2026-1222.md
LibCURL_jll,8.6.0+0,JLSEC-2026-413,">= 7.81.0+0, < 8.11.1+0","When asked to both use a `.netrc` file for credentials and to follow HTTP redirects, curl could leak...",https://github.com/JuliaLang/SecurityAdvisories.jl/blob/main/advisories/published/2026/JLSEC-2026-413.md
LibCURL_jll,8.6.0+0,JLSEC-2026-414,">= 7.87.0+0, < 8.7.1+0",When a protocol selection parameter option disables all protocols without adding any then the...,https://github.com/JuliaLang/SecurityAdvisories.jl/blob/main/advisories/published/2026/JLSEC-2026-414.md
LibCURL_jll,8.6.0+0,JLSEC-2026-415,">= 8.6.0+0, < 8.7.1+0","libcurl skips the certificate verification for a QUIC connection under certain conditions, when...",https://github.com/JuliaLang/SecurityAdvisories.jl/blob/main/advisories/published/2026/JLSEC-2026-415.md
LibCURL_jll,8.6.0+0,JLSEC-2026-416,< 8.7.1+0,"When an application tells libcurl it wants to allow HTTP/2 server push, and the amount of received...",https://github.com/JuliaLang/SecurityAdvisories.jl/blob/main/advisories/published/2026/JLSEC-2026-416.md
LibCURL_jll,8.6.0+0,JLSEC-2026-417,">= 8.5.0+0, < 8.7.1+0",libcurl did not check the server certificate of TLS connections done to a host specified as an IP...,https://github.com/JuliaLang/SecurityAdvisories.jl/blob/main/advisories/published/2026/JLSEC-2026-417.md
LibCURL_jll,8.6.0+0,JLSEC-2026-418,< 8.11.0+0,"When curl is told to use the Certificate Status Request TLS extension, often referred to as OCSP...",https://github.com/JuliaLang/SecurityAdvisories.jl/blob/main/advisories/published/2026/JLSEC-2026-418.md
LibCURL_jll,8.6.0+0,JLSEC-2026-419,">= 7.81.0+0, < 8.11.0+0","When curl is asked to use HSTS, the expiry time for a subdomain might overwrite a parent domain's...",https://github.com/JuliaLang/SecurityAdvisories.jl/blob/main/advisories/published/2026/JLSEC-2026-419.md
LibCURL_jll,8.6.0+0,JLSEC-2026-420,">= 7.81.0+0, < 8.12.0+0","When asked to use a `.netrc` file for credentials **and** to follow HTTP redirects, curl could leak...",https://github.com/JuliaLang/SecurityAdvisories.jl/blob/main/advisories/published/2026/JLSEC-2026-420.md
LibCURL_jll,8.6.0+0,JLSEC-2026-422,< 8.12.0+0,When libcurl is asked to perform automatic gzip decompression of content-encoded HTTP responses with...,https://github.com/JuliaLang/SecurityAdvisories.jl/blob/main/advisories/published/2026/JLSEC-2026-422.md
LibCURL_jll,8.6.0+0,JLSEC-2026-424,">= 7.70.0+0, < 8.17.0+0",curl's code for managing SSH connections when SFTP was done using the wolfSSH powered backend was...,https://github.com/JuliaLang/SecurityAdvisories.jl/blob/main/advisories/published/2026/JLSEC-2026-424.md
LibCURL_jll,8.6.0+0,JLSEC-2026-427,< 8.18.0+0,"When doing multi-threaded LDAPS transfers (LDAP over TLS) with libcurl, changing TLS options in one...",https://github.com/JuliaLang/SecurityAdvisories.jl/blob/main/advisories/published/2026/JLSEC-2026-427.md
LibCURL_jll,8.6.0+0,JLSEC-2026-428,< 8.18.0+0,"When an OAuth2 bearer token is used for an HTTP(S) transfer, and that transfer performs a...",https://github.com/JuliaLang/SecurityAdvisories.jl/blob/main/advisories/published/2026/JLSEC-2026-428.md
LibCURL_jll,8.6.0+0,JLSEC-2026-429,">= 7.87.0+0, < 8.18.0+0",When doing TLS related transfers with reused easy or multi handles and altering the...,https://github.com/JuliaLang/SecurityAdvisories.jl/blob/main/advisories/published/2026/JLSEC-2026-429.md
LibCURL_jll,8.6.0+0,JLSEC-2026-430,< 8.18.0+0,"When doing SSH-based transfers using either SCP or SFTP, and setting the `known_hosts` file, libcurl...",https://github.com/JuliaLang/SecurityAdvisories.jl/blob/main/advisories/published/2026/JLSEC-2026-430.md
LibCURL_jll,8.6.0+0,JLSEC-2026-431,< 8.18.0+0,"When doing SSH-based transfers using either SCP or SFTP, and asked to do public key authentication,...",https://github.com/JuliaLang/SecurityAdvisories.jl/blob/main/advisories/published/2026/JLSEC-2026-431.md
LibCURL_jll,8.6.0+0,JLSEC-2026-433,">= 8.5.0+0, < 8.14.1+0",libcurl supports *pinning* of the server certificate public key for HTTPS transfers,https://github.com/JuliaLang/SecurityAdvisories.jl/blob/main/advisories/published/2026/JLSEC-2026-433.md
LibCURL_jll,8.6.0+0,JLSEC-2026-436,< 8.19.0+0,,https://github.com/JuliaLang/SecurityAdvisories.jl/blob/main/advisories/published/2026/JLSEC-2026-436.md
LibCURL_jll,8.6.0+0,JLSEC-2026-437,< 8.19.0+0,"When an OAuth2 bearer token is used for an HTTP(S) transfer, and that transfer performs a redirect...",https://github.com/JuliaLang/SecurityAdvisories.jl/blob/main/advisories/published/2026/JLSEC-2026-437.md
LibCURL_jll,8.6.0+0,JLSEC-2026-438,< 8.18.0+0,"curl would wrongly reuse an existing HTTP proxy connection doing CONNECT to a server, even if the...",https://github.com/JuliaLang/SecurityAdvisories.jl/blob/main/advisories/published/2026/JLSEC-2026-438.md
LibGit2_jll,1.7.2+0,JLSEC-2026-1275,< 1.9.1+0,libgit2 versions v0.27.0 through v1.9.0 built with the libssh2 SSH backend (USE_SSH=libssh2)...,https://github.com/JuliaLang/SecurityAdvisories.jl/blob/main/advisories/published/2026/JLSEC-2026-1275.md
LibGit2_jll,1.7.2+0,JLSEC-2026-1369,< 1.9.6+0,,https://github.com/JuliaLang/SecurityAdvisories.jl/blob/main/advisories/published/2026/JLSEC-2026-1369.md
LibGit2_jll,1.7.2+0,JLSEC-2026-1370,< 1.9.6+0,,https://github.com/JuliaLang/SecurityAdvisories.jl/blob/main/advisories/published/2026/JLSEC-2026-1370.md
LibGit2_jll,1.7.2+0,JLSEC-2026-1371,< 1.9.6+0,,https://github.com/JuliaLang/SecurityAdvisories.jl/blob/main/advisories/published/2026/JLSEC-2026-1371.md
LibGit2_jll,1.7.2+0,JLSEC-2026-1372,< 1.9.6+0,,https://github.com/JuliaLang/SecurityAdvisories.jl/blob/main/advisories/published/2026/JLSEC-2026-1372.md
LibGit2_jll,1.7.2+0,JLSEC-2026-1373,< 1.9.6+0,,https://github.com/JuliaLang/SecurityAdvisories.jl/blob/main/advisories/published/2026/JLSEC-2026-1373.md
LibSSH2_jll,1.11.0+1,JLSEC-2025-95,< 1.11.3+0,,https://github.com/JuliaLang/SecurityAdvisories.jl/blob/main/advisories/published/2025/JLSEC-2025-95.md
LibSSH2_jll,1.11.0+1,JLSEC-2026-1085,< 1.11.104+0,"libssh2 through 1.11.1, fixed in commit 5e47761, contains a double-free vulnerability in the...",https://github.com/JuliaLang/SecurityAdvisories.jl/blob/main/advisories/published/2026/JLSEC-2026-1085.md
LibSSH2_jll,1.11.0+1,JLSEC-2026-1086,< 1.11.104+0,"libssh2 through 1.11.1, fixed in commit a2ed82d, contains a pre-authentication integer underflow...",https://github.com/JuliaLang/SecurityAdvisories.jl/blob/main/advisories/published/2026/JLSEC-2026-1086.md
LibSSH2_jll,1.11.0+1,JLSEC-2026-1087,< 1.11.104+0,"libssh2 through 1.11.1, fixed in commit a13bb6c, contains a missing bounds check vulnerability...",https://github.com/JuliaLang/SecurityAdvisories.jl/blob/main/advisories/published/2026/JLSEC-2026-1087.md
LibSSH2_jll,1.11.0+1,JLSEC-2026-1088,< 1.11.104+0,"libssh2 through 1.11.1, fixed in commit 42e33d8, contains a pre-authentication heap buffer...",https://github.com/JuliaLang/SecurityAdvisories.jl/blob/main/advisories/published/2026/JLSEC-2026-1088.md
LibSSH2_jll,1.11.0+1,JLSEC-2026-492,< 1.11.101+0,,https://github.com/JuliaLang/SecurityAdvisories.jl/blob/main/advisories/published/2026/JLSEC-2026-492.md
LibSSH2_jll,1.11.0+1,JLSEC-2026-659,< 1.11.102+0,"libssh2 through 1.11.1, fixed in commit 2dae302, contains an out-of-bounds heap read vulnerability...",https://github.com/JuliaLang/SecurityAdvisories.jl/blob/main/advisories/published/2026/JLSEC-2026-659.md
LibSSH2_jll,1.11.0+1,JLSEC-2026-660,< 1.11.102+0,"libssh2 through 1.11.1, fixed in commit 1762685, contains a pre-authentication denial of service...",https://github.com/JuliaLang/SecurityAdvisories.jl/blob/main/advisories/published/2026/JLSEC-2026-660.md
LibSSH2_jll,1.11.0+1,JLSEC-2026-661,< 1.11.102+0,"libssh2 through 1.11.1, fixed in commit 7acf3df contains an out-of-bounds write vulnerability in...",https://github.com/JuliaLang/SecurityAdvisories.jl/blob/main/advisories/published/2026/JLSEC-2026-661.md
LibSSH2_jll,1.11.0+1,JLSEC-2026-662,< 1.11.103+0,libssh2 through 1.11.1 reads an attacker-controlled 32-bit attribute count from a...,https://github.com/JuliaLang/SecurityAdvisories.jl/blob/main/advisories/published/2026/JLSEC-2026-662.md
LibSSH2_jll,1.11.0+1,JLSEC-2026-663,< 1.11.103+0,libssh2 through 1.11.1 grows its publickey list with `SSH2_REALLOC` but does not zero-initialize new...,https://github.com/JuliaLang/SecurityAdvisories.jl/blob/main/advisories/published/2026/JLSEC-2026-663.md
MbedTLS_jll,2.28.6+0,JLSEC-2025-187,< 2.28.10+0,"Mbed TLS before 2.28.10 and 3.x before 3.6.3, in some cases of failed memory allocation or hardware...",https://github.com/JuliaLang/SecurityAdvisories.jl/blob/main/advisories/published/2025/JLSEC-2025-187.md
MbedTLS_jll,2.28.6+0,JLSEC-2025-223,< 2.28.10+0,An issue was discovered in Mbed TLS 2.x before 2.28.7 and 3.x before 3.5.2,https://github.com/JuliaLang/SecurityAdvisories.jl/blob/main/advisories/published/2025/JLSEC-2025-223.md
MbedTLS_jll,2.28.6+0,JLSEC-2025-224,< 2.28.10+0,"Integer Overflow vulnerability in Mbed TLS 2.x before 2.28.7 and 3.x before 3.5.2, allows attackers...",https://github.com/JuliaLang/SecurityAdvisories.jl/blob/main/advisories/published/2025/JLSEC-2025-224.md
MbedTLS_jll,2.28.6+0,JLSEC-2025-225,< 2.28.10+0,"An issue was discovered in Mbed TLS 2.18.0 through 2.28.x before 2.28.8 and 3.x before 3.6.0, and...",https://github.com/JuliaLang/SecurityAdvisories.jl/blob/main/advisories/published/2025/JLSEC-2025-225.md
MbedTLS_jll,2.28.6+0,JLSEC-2025-226,">= 2.26.0+0, < 2.28.10+0","An issue was discovered in Mbed TLS before 2.28.9 and 3.x before 3.6.1, in which the user-selected...",https://github.com/JuliaLang/SecurityAdvisories.jl/blob/main/advisories/published/2025/JLSEC-2025-226.md
MbedTLS_jll,2.28.6+0,JLSEC-2025-227,< 2.28.10+0,"Mbed TLS before 2.28.10 and 3.x before 3.6.3, on the client side, accepts servers that have trusted...",https://github.com/JuliaLang/SecurityAdvisories.jl/blob/main/advisories/published/2025/JLSEC-2025-227.md
MbedTLS_jll,2.28.6+0,JLSEC-2025-228,< 2.28.1010+0,Mbed TLS before 3.6.4 has a race condition in AESNI detection if certain compiler optimizations...,https://github.com/JuliaLang/SecurityAdvisories.jl/blob/main/advisories/published/2025/JLSEC-2025-228.md
MbedTLS_jll,2.28.6+0,JLSEC-2025-229,< 2.28.1010+0,"Mbed TLS before 3.6.4 has a PEM parsing one-byte heap-based buffer underflow, in...",https://github.com/JuliaLang/SecurityAdvisories.jl/blob/main/advisories/published/2025/JLSEC-2025-229.md
MbedTLS_jll,2.28.6+0,JLSEC-2025-230,< 2.28.1010+0,Mbed TLS before 3.6.4 has a NULL pointer dereference because `mbedtls_asn1_store_named_data` can...,https://github.com/JuliaLang/SecurityAdvisories.jl/blob/main/advisories/published/2025/JLSEC-2025-230.md
MbedTLS_jll,2.28.6+0,JLSEC-2025-231,< 2.28.1010+0,Mbed TLS before 3.6.4 allows a use-after-free in certain situations of applications that are...,https://github.com/JuliaLang/SecurityAdvisories.jl/blob/main/advisories/published/2025/JLSEC-2025-231.md
MbedTLS_jll,2.28.6+0,JLSEC-2025-232,*,"Side channel in RSA key generation and operations (SSBleed, M-Step)",https://github.com/JuliaLang/SecurityAdvisories.jl/blob/main/advisories/published/2025/JLSEC-2025-232.md
MbedTLS_jll,2.28.6+0,JLSEC-2025-233,*,Padding oracle through timing of cipher error reporting,https://github.com/JuliaLang/SecurityAdvisories.jl/blob/main/advisories/published/2025/JLSEC-2025-233.md
MbedTLS_jll,2.28.6+0,JLSEC-2026-463,*,Mbed TLS timing side channel in RSA and CBC/ECB decryption,https://github.com/JuliaLang/SecurityAdvisories.jl/blob/main/advisories/published/2026/JLSEC-2026-463.md
MbedTLS_jll,2.28.6+0,JLSEC-2026-464,*,Mbed TLS might use cloned PSA random generator states,https://github.com/JuliaLang/SecurityAdvisories.jl/blob/main/advisories/published/2026/JLSEC-2026-464.md
MbedTLS_jll,2.28.6+0,JLSEC-2026-465,*,Mbed TLS may use a low entropy PRNG seed,https://github.com/JuliaLang/SecurityAdvisories.jl/blob/main/advisories/published/2026/JLSEC-2026-465.md
MbedTLS_jll,2.28.6+0,JLSEC-2026-466,*,Mbed TLS peer can force the FFDH shared secret into a small set of values,https://github.com/JuliaLang/SecurityAdvisories.jl/blob/main/advisories/published/2026/JLSEC-2026-466.md
MbedTLS_jll,2.28.6+0,JLSEC-2026-467,*,Mbed TLS serialized session data is not cryptographically protected,https://github.com/JuliaLang/SecurityAdvisories.jl/blob/main/advisories/published/2026/JLSEC-2026-467.md
Zlib_jll,1.2.13+1,JLSEC-2026-479,< 1.3.1+0,,https://github.com/JuliaLang/SecurityAdvisories.jl/blob/main/advisories/published/2026/JLSEC-2026-479.md
Zlib_jll,1.2.13+1,JLSEC-2026-480,">= 1.2.12+3, < 1.3.2+0",zlib before 1.3.2 allows CPU consumption via `crc32_combine64` and `crc32_combine_gen64` because...,https://github.com/JuliaLang/SecurityAdvisories.jl/blob/main/advisories/published/2026/JLSEC-2026-480.md
nghttp2_jll,1.59.0+0,JLSEC-2026-1157,< 1.70.0+0,nghttp2's nghttpx proxy through 1.69.0 forwards an HTTP/1.1 Upgrade request that also carries a...,https://github.com/JuliaLang/SecurityAdvisories.jl/blob/main/advisories/published/2026/JLSEC-2026-1157.md
nghttp2_jll,1.59.0+0,JLSEC-2026-4,< 1.61.0+0,nghttp2 is an implementation of the Hypertext Transfer Protocol version 2 in C,https://github.com/JuliaLang/SecurityAdvisories.jl/blob/main/advisories/published/2026/JLSEC-2026-4.md
nghttp2_jll,1.59.0+0,JLSEC-2026-5,< 1.68.1+0,nghttp2 is an implementation of the Hypertext Transfer Protocol version 2 in C,https://github.com/JuliaLang/SecurityAdvisories.jl/blob/main/advisories/published/2026/JLSEC-2026-5.md
p7zip_jll,17.4.0+2,JLSEC-2026-1169,*,7-Zip for Windows fails to preserve the Mark-of-the-Web when extracting a crafted RAR5 archive,https://github.com/JuliaLang/SecurityAdvisories.jl/blob/main/advisories/published/2026/JLSEC-2026-1169.md
